Liquidada,Descrição,Tipo,Cotações,Valor Apostado ($),Risco ($),Lucro/Perda ($),Status
28-out-21 08:32:43,08:25 Stratford Runwiththetide-Vencedor | ID Aposta Betfair 1:248711563277 | Feita 27-out-21 23:33:07 | RF 3.80 3.43,A favor,3.43,3.00, -- , -3.00 ,Perdidas
28-out-21 03:28:56,03:25 Sapphire Coast 5. Blue Glass-Vencedor | ID Aposta Betfair 1:248711767997 | Feita 27-out-21 23:37:46,A favor,2.64,3.00, -- , 4.91 ,Ganhas
28-out-21 02:14:11,02:10 Sapphire Coast 5. Scottish Soldier-Vencedor | ID Aposta Betfair 1:248711756295 | Feita 27-out-21 23:37:31,A favor,4.52,3.00, -- , -3.00 ,Perdidas
28-out-21 01:38:32,01:35 Sapphire Coast 5. Blood Ties-Vencedor | ID Aposta Betfair 1:248711741934 | Feita 27-out-21 23:37:12,A favor,4.68,3.00, -- , -3.00 ,Perdidas
28-out-21 00:16:48,00:15 Sapphire Coast 10. Lord Remy-Vencedor | ID Aposta Betfair 1:248711723140 | Feita 27-out-21 23:36:49,A favor,3.87,3.00, -- , -3.00 ,Perdidas
27-out-21 23:43:09,23:40 Sapphire Coast 6. Nephradiva-Vencedor | ID Aposta Betfair 1:248711700161 | Feita 27-out-21 23:36:18,A favor,2.60,3.00, -- , -3.00 ,Perdidas
27-out-21 23:25:35,"Flamengo x Athletico-PR Mais de 2,5 gols-Mais/Menos de 2,5 gols | ID Aposta Betfair 1:248709868519 | Feita 27-out-21 23:00:18",A favor,1.41,3.00, -- , 1.23 ,Ganhas
27-out-21 00:06:59,Deportivo Pereira x Atletico Bucaramanga Empate -Resultado Final | ID Aposta Betfair 1:248578901554 | Feita 26-out-21 18:16:50,Contra,3.45,3.00, 7.35 , -7.35 ,Perdidas
26-out-21 23:27:27,Goiás x Botafogo Empate -Resultado Final | ID Aposta Betfair 1:248578882202 | Feita 26-out-21 18:16:13,Contra,3.20,3.00, 6.60 , -6.60 ,Perdidas
26-out-21 21:56:25,Alianza Petrolera x Ind Medellin Empate -Resultado Final | ID Aposta Betfair 1:248578890862 | Feita 26-out-21 18:16:30,Contra,3.14,3.00, 6.42 , 3.00 ,Ganhas
26-out-21 21:56:25,Alianza Petrolera x Ind Medellin Ind Medellin-Resultado Final | ID Aposta Betfair 1:248583926260 | Feita 26-out-21 21:10:49,Contra,80.00,0.11, 8.69 , 0.11 ,Ganhas
26-out-21 21:56:25,Alianza Petrolera x Ind Medellin Alianza Petrolera-Resultado Final | ID Aposta Betfair 1:248583926261 | Feita 26-out-21 21:10:49,Contra,1.12,8.42, 1.01 , -1.01 ,Perdidas
26-out-21 21:03:49,CRB x Coritiba Empate -Resultado Final | ID Aposta Betfair 1:248578879358 | Feita 26-out-21 18:16:07,Contra,3.10,3.00, 6.30 , -6.30 ,Perdidas
26-out-21 19:56:16,Envigado x Millonarios Empate -Resultado Final | ID Aposta Betfair 1:248578769857 | Feita 26-out-21 18:13:06,Contra,3.05,3.00, 6.15 , 3.00 ,Ganhas
26-out-21 19:56:16,Envigado x Millonarios Millonarios-Resultado Final | ID Aposta Betfair 1:248581176727 | Feita 26-out-21 19:45:45,Contra,170.00,0.05, 8.45 , 0.05 ,Ganhas
26-out-21 19:56:16,Envigado x Millonarios Envigado-Resultado Final | ID Aposta Betfair 1:248581176728 | Feita 26-out-21 19:45:45,Contra,1.09,8.16, 0.73 , -0.73 ,Perdidas
26-out-21 18:08:35,"Villarreal x Cadiz Menos de 4,5 gols-Mais/Menos de 4,5 gols | ID Aposta Betfair 1:248578431217 | Feita 26-out-21 18:02:42",Contra,2.58,3.00, 4.74 , 3.00 ,Ganhas
25-out-21 23:11:25,CA Independiente x Union Santa Fe Empate -Resultado Final | ID Aposta Betfair 1:248479816111 | Feita 25-out-21 21:21:21,Contra,3.15,3.00, 6.45 , 3.00 ,Ganhas
25-out-21 23:11:25,CA Independiente x Union Santa Fe Empate -Resultado Final | ID Aposta Betfair 1:248483345609 | Feita 25-out-21 23:05:13,A favor,9.80,0.96, -- , -0.96 ,Perdidas
25-out-21 23:00:58,Estudiantes Rio Cuarto x Deportivo Riestra Empate -Resultado Final | ID Aposta Betfair 1:248479788262 | Feita 25-out-21 21:20:29,Contra,3.20,3.00, 6.60 , 3.00 ,Ganhas
25-out-21 23:00:58,Estudiantes Rio Cuarto x Deportivo Riestra Estudiantes Rio Cuarto-Resultado Final | ID Aposta Betfair 1:248482852625 | Feita 25-out-21 22:47:24,Contra,1.12,8.57, 1.03 , -1.03 ,Perdidas
25-out-21 23:00:58,Estudiantes Rio Cuarto x Deportivo Riestra Deportivo Riestra-Resultado Final | ID Aposta Betfair 1:248482852626 | Feita 25-out-21 22:47:24,Contra,200.00,0.04, 7.96 , 0.04 ,Ganhas
25-out-21 22:56:46,Curico Unido x Union La Calera Empate -Resultado Final | ID Aposta Betfair 1:248479805064 | Feita 25-out-21 21:21:00,Contra,3.58,3.00, 7.74 , -7.73 ,Perdidas
25-out-21 22:04:43,Instituto x Brown de Adrogue Empate -Resultado Final | ID Aposta Betfair 1:248479834870 | Feita 25-out-21 21:21:52,Contra,4.00,3.00, 9.00 , -9.00 ,Perdidas
25-out-21 22:04:43,Instituto x Brown de Adrogue Brown de Adrogue-Resultado Final | ID Aposta Betfair 1:248481278445 | Feita 25-out-21 21:56:43,Contra,1.09,11.00, 0.99 , 11.00 ,Ganhas
25-out-21 21:55:20,Atlético-GO x Grêmio Empate -Resultado Final | ID Aposta Betfair 1:248478679093 | Feita 25-out-21 20:41:07,Contra,2.74,3.00, 5.22 , 3.00 ,Ganhas
25-out-21 21:55:20,Atlético-GO x Grêmio Grêmio-Resultado Final | ID Aposta Betfair 1:248480211827 | Feita 25-out-21 21:30:12,Contra,150.00,0.04, 5.96 , 0.04 ,Ganhas
25-out-21 21:55:20,Atlético-GO x Grêmio Atlético-GO-Resultado Final | ID Aposta Betfair 1:248480211828 | Feita 25-out-21 21:30:12,Contra,1.04,7.61, 0.30 , -0.30 ,Perdidas
25-out-21 20:54:32,River Plate x Argentinos Juniors Empate -Resultado Final | ID Aposta Betfair 1:248476369247 | Feita 25-out-21 19:15:32,Contra,3.90,3.00, 8.70 , 3.00 ,Ganhas
25-out-21 20:29:12,Guairena x Cerro Porteño Empate -Resultado Final | ID Aposta Betfair 1:248476272522 | Feita 25-out-21 19:11:36,Contra,2.84,3.00, 5.52 , 3.00 ,Ganhas
25-out-21 20:25:52,Univ de Concepcion x San Luis Empate -Resultado Final | ID Aposta Betfair 1:248476395881 | Feita 25-out-21 19:16:01,Contra,3.25,3.00, 6.75 , 3.00 ,Ganhas
25-out-21 19:16:35,Boavista x Belenenses Empate -Resultado Final | ID Aposta Betfair 1:248476303322 | Feita 25-out-21 19:12:47,Contra,1.08,3.00, 0.24 , -0.24 ,Perdidas
24-out-21 11:57:34,Asane x Kfum Oslo Empate -Resultado Final | ID Aposta Betfair 1:248331251820 | Feita 24-out-21 10:39:30,A favor,2.88,3.00, -- , -3.00 ,Perdidas
24-out-21 11:57:34,Asane x Kfum Oslo Empate -Resultado Final | ID Aposta Betfair 1:248335101045 | Feita 24-out-21 11:01:19,Contra,2.72,3.13, 5.38 , 3.13 ,Ganhas
24-out-21 11:57:34,Asane x Kfum Oslo Empate -Resultado Final | ID Aposta Betfair 1:248335447551 | Feita 24-out-21 11:03:20,Contra,2.72,0.04, 0.07 , 0.04 ,Ganhas
24-out-21 11:55:36,Lorient x Bordeaux Empate -Resultado Final | ID Aposta Betfair 1:248331037585 | Feita 24-out-21 10:38:28,A favor,2.66,3.00, -- , 4.98 ,Ganhas
24-out-21 11:55:36,Lorient x Bordeaux Empate -Resultado Final | ID Aposta Betfair 1:248335081071 | Feita 24-out-21 11:01:13,Contra,2.48,3.19, 4.72 , -4.72 ,Perdidas
24-out-21 11:55:36,Lorient x Bordeaux Empate -Resultado Final | ID Aposta Betfair 1:248335397622 | Feita 24-out-21 11:03:02,Contra,2.46,0.02, 0.03 , -0.03 ,Perdidas
24-out-21 11:52:30,West Ham x Tottenham Empate -Resultado Final | ID Aposta Betfair 1:248330366046 | Feita 24-out-21 10:35:16,A favor,2.86,3.00, -- , -3.00 ,Perdidas
24-out-21 11:52:30,West Ham x Tottenham Empate -Resultado Final | ID Aposta Betfair 1:248335068135 | Feita 24-out-21 11:01:09,Contra,2.60,3.27, 5.23 , 3.27 ,Ganhas
24-out-21 11:52:30,West Ham x Tottenham Empate -Resultado Final | ID Aposta Betfair 1:248335373627 | Feita 24-out-21 11:02:55,Contra,2.58,0.03, 0.05 , 0.03 ,Ganhas
24-out-21 11:50:57,FK Kaisar x FC Zhetysu Empate -Resultado Final | ID Aposta Betfair 1:248329875990 | Feita 24-out-21 10:33:08,A favor,2.76,3.00, -- , -3.00 ,Perdidas
24-out-21 11:50:03,Stjordals-Blink x Ullensaker Kisa Empate -Resultado Final | ID Aposta Betfair 1:248331163977 | Feita 24-out-21 10:39:04,A favor,2.68,3.00, -- , 5.04 ,Ganhas
24-out-21 11:50:03,Stjordals-Blink x Ullensaker Kisa Empate -Resultado Final | ID Aposta Betfair 1:248335112650 | Feita 24-out-21 11:01:22,Contra,2.58,3.11, 4.91 , -4.91 ,Perdidas
24-out-21 11:21:59,FK Mladost Donja Gorica x OFK Titograd Empate -Resultado Final | ID Aposta Betfair 1:248330788782 | Feita 24-out-21 10:37:11,A favor,2.50,3.00, -- , -3.00 ,Perdidas
24-out-21 11:19:14,Lamphun Warrior x Phrae United Empate -Resultado Final | ID Aposta Betfair 1:248330107152 | Feita 24-out-21 10:34:10,A favor,2.30,3.00, -- , 3.90 ,Ganhas
24-out-21 03:28:07,Nublense x Everton De Vina Empate -Resultado Final | ID Aposta Betfair 1:248251853898 | Feita 23-out-21 18:56:37,Contra,2.58,3.00, 4.74 , -4.74 ,Perdidas
24-out-21 00:00:36,LDU x Independiente (Ecu) Empate -Resultado Final | ID Aposta Betfair 1:248263452513 | Feita 23-out-21 22:46:17,Contra,2.82,3.00, 5.46 , 3.00 ,Ganhas
23-out-21 23:51:54,AD Isidro Metapan x Jocoro Empate -Resultado Final | ID Aposta Betfair 1:248263463007 | Feita 23-out-21 22:46:33,Contra,2.82,3.00, 5.46 , -5.46 ,Perdidas
23-out-21 23:30:27,San Antonio FC x Austin Bold FC Empate -Resultado Final | ID Aposta Betfair 1:248263456427 | Feita 23-out-21 22:46:22,Contra,2.80,3.00, 5.40 , -5.40 ,Perdidas
23-out-21 23:06:38,Agropecuario x Almirante Brown Empate -Resultado Final | ID Aposta Betfair 1:248259917125 | Feita 23-out-21 21:31:18,Contra,2.92,3.00, 5.76 , 3.00 ,Ganhas
23-out-21 22:31:50,Toronto FC x Montreal Impact Empate -Resultado Final | ID Aposta Betfair 1:248259810551 | Feita 23-out-21 21:28:48,Contra,2.66,3.00, 4.98 , -4.98 ,Perdidas
23-out-21 22:13:53,Rosario Central x Racing Club Empate -Resultado Final | ID Aposta Betfair 1:248259791910 | Feita 23-out-21 21:28:20,Contra,2.48,3.00, 4.44 , 3.00 ,Ganhas
23-out-21 22:09:19,Sportivo Luqueno x 12 de Octubre de Itaugua Empate -Resultado Final | ID Aposta Betfair 1:248257926720 | Feita 23-out-21 20:49:02,Contra,2.86,3.00, 5.58 , -5.58 ,Perdidas
23-out-21 22:01:08,Ind Medellin x Tolima Empate -Resultado Final | ID Aposta Betfair 1:248257909805 | Feita 23-out-21 20:48:35,Contra,2.24,3.00, 3.72 , -3.72 ,Perdidas
23-out-21 21:12:38,Monterrey x Necaxa Empate -Resultado Final | ID Aposta Betfair 1:248255586564 | Feita 23-out-21 20:08:05,Contra,2.46,3.00, 4.38 , 3.00 ,Ganhas
23-out-21 21:02:00,Columbus x New York Red Bulls Empate -Resultado Final | ID Aposta Betfair 1:248255612926 | Feita 23-out-21 20:08:40,Contra,2.60,3.00, 4.80 , 3.00 ,Ganhas
23-out-21 19:57:10,Solola FC x Guastatoya Empate -Resultado Final | ID Aposta Betfair 1:248251874064 | Feita 23-out-21 18:57:10,Contra,2.50,3.00, 4.50 , -4.50 ,Perdidas
23-out-21 19:55:16,Defensa y Justicia x CA Platense Empate -Resultado Final | ID Aposta Betfair 1:248251868001 | Feita 23-out-21 18:56:59,Contra,2.76,3.00, 5.28 , 3.00 ,Ganhas
23-out-21 18:53:05,Boca Juniors de Cali x Orsomarso Empate -Resultado Final | ID Aposta Betfair 1:248248189225 | Feita 23-out-21 17:58:51,Contra,2.52,3.00, 4.56 , 3.00 ,Ganhas
23-out-21 18:44:53,Seattle Sounders x Kansas City Empate -Resultado Final | ID Aposta Betfair 1:248246004259 | Feita 23-out-21 17:29:37,Contra,3.45,3.00, 7.35 , 3.00 ,Ganhas
23-out-21 17:54:02,Athletic Bilbao x Villarreal Empate -Resultado Final | ID Aposta Betfair 1:248239396251 | Feita 23-out-21 16:24:38,Contra,4.66,3.00, 10.98 , 3.00 ,Ganhas
23-out-21 17:54:02,Athletic Bilbao x Villarreal Empate -Resultado Final | ID Aposta Betfair 1:248245638862 | Feita 23-out-21 17:25:29,A favor,2.00,7.06, -- , -7.06 ,Perdidas
23-out-21 17:39:41,Bologna x Milan Milan-Resultado Final | ID Aposta Betfair 1:248238439492 | Feita 23-out-21 16:16:18,A favor,1.17,3.00, -- , 0.51 ,Ganhas
23-out-21 17:39:41,Bologna x Milan Milan-Resultado Final | ID Aposta Betfair 1:248238985220 | Feita 23-out-21 16:20:48,Contra,1.05,3.34, 0.17 , -0.17 ,Perdidas
20-out-21 21:00:47,Ceará x Palmeiras Palmeiras-Resultado Final | ID Aposta Betfair 1:247902483393 | Feita 20-out-21 20:07:34,A favor,1.48,3.00, -- , 1.44 ,Ganhas
19-out-21 22:57:51,Brooklyn Nets @ Milwaukee Bucks Milwaukee Bucks-Vencedor | ID Aposta Betfair 1:246847411820 | Feita 10-out-21 00:20:13,A favor,1.81,3.00, -- , 2.44 ,Ganhas
16-out-21 21:23:09,"Aucas x Univ Catolica (Ecu) Menos de 3,5 gols-Mais/Menos de 3,5 gols | ID Aposta Betfair 1:247491891376 | Feita 16-out-21 21:09:41",A favor,1.62,3.00, -- , 1.86 ,Ganhas
16-out-21 21:06:53,"Monterrey x Leon Menos de 1,5 gols-Mais/Menos de 1,5 gols | ID Aposta Betfair 1:247490790653 | Feita 16-out-21 20:52:09",A favor,1.50,3.00, -- , 1.50 ,Ganhas
16-out-21 20:59:57,"Criciuma x Botafogo PB Menos de 0,5 gols-Mais/Menos de 0,5 gols | ID Aposta Betfair 1:247490534762 | Feita 16-out-21 20:47:52",A favor,1.37,1.71, -- , 0.62 ,Ganhas
16-out-21 20:55:29,"Colchagua CD x CDSC Iberia Menos de 2,5 gols-Mais/Menos de 2,5 gols | ID Aposta Betfair 1:247490574630 | Feita 16-out-21 20:48:35",A favor,1.30,3.00, -- , -3.00 ,Perdidas
16-out-21 20:54:38,"Fernandez Vial x Magallanes Menos de 1,5 gols-Mais/Menos de 1,5 gols | ID Aposta Betfair 1:247490253688 | Feita 16-out-21 20:43:49",A favor,1.33,3.00, -- , 0.99 ,Ganhas
16-out-21 20:52:27,"Chapecoense x Fortaleza Menos de 2,5 gols-Mais/Menos de 2,5 gols | ID Aposta Betfair 1:247490219400 | Feita 16-out-21 20:43:22",A favor,1.43,3.00, -- , -3.00 ,Perdidas
16-out-21 20:00:15,"America de Cali S.A x Deportivo Cali Menos de 2,5 gols-Mais/Menos de 2,5 gols | ID Aposta Betfair 1:247486880001 | Feita 16-out-21 19:46:56",A favor,1.43,3.00, -- , 1.29 ,Ganhas
16-out-21 19:56:19,"Nacional (Uru) x Boston River Menos de 4,5 gols-Mais/Menos de 4,5 gols | ID Aposta Betfair 1:247486979023 | Feita 16-out-21 19:48:29",A favor,1.43,3.00, -- , -3.00 ,Perdidas
16-out-21 19:54:48,"Tauro FC x Veraguas FC Menos de 2,5 gols-Mais/Menos de 2,5 gols | ID Aposta Betfair 1:247486661270 | Feita 16-out-21 19:43:59",A favor,1.29,2.87, -- , 0.84 ,Ganhas
16-out-21 19:54:48,"Tauro FC x Veraguas FC Menos de 2,5 gols-Mais/Menos de 2,5 gols | ID Aposta Betfair 1:247486721382 | Feita 16-out-21 19:44:34",A favor,1.27,0.13, -- , 0.04 ,Ganhas
16-out-21 19:52:22,"Inter de Queretaro FC v Inter Playa Del Carmen Menos de 0,5 gols-Mais/Menos de 0,5 gols | ID Aposta Betfair 1:247486498037 | Feita 16-out-21 19:41:12",A favor,1.45,3.00, -- , 1.35 ,Ganhas
16-out-21 19:43:40,"Lanus x Banfield Menos de 1,5 gols-Mais/Menos de 1,5 gols | ID Aposta Betfair 1:247486522496 | Feita 16-out-21 19:41:41",A favor,1.48,3.00, -- , -3.00 ,Perdidas
16-out-21 19:24:08,"Union Espanola x Curico Unido Menos de 2,5 gols-Mais/Menos de 2,5 gols | ID Aposta Betfair 1:247485229141 | Feita 16-out-21 19:18:25",A favor,1.37,3.00, -- , -3.00 ,Perdidas
16-out-21 18:59:29,"Rodelindo Roman FC x Deportes Concepcion Menos de 2,5 gols-Mais/Menos de 2,5 gols | ID Aposta Betfair 1:247483428616 | Feita 16-out-21 18:46:15",A favor,1.40,3.00, -- , 1.20 ,Ganhas
16-out-21 18:58:08,"Ituano x Paysandu Menos de 3,5 gols-Mais/Menos de 3,5 gols | ID Aposta Betfair 1:247483412529 | Feita 16-out-21 18:46:01",A favor,1.40,3.00, -- , -3.00 ,Perdidas
16-out-21 18:42:07,"Los Angeles FC x San Jose Earthquakes Menos de 3,5 gols-Mais/Menos de 3,5 gols | ID Aposta Betfair 1:247482900062 | Feita 16-out-21 18:37:31",A favor,1.73,3.00, -- , -3.00 ,Perdidas
16-out-21 18:32:31,"Vasco Da Gama x Coritiba Menos de 3,5 gols-Mais/Menos de 3,5 gols | ID Aposta Betfair 1:247481902480 | Feita 16-out-21 18:16:29",A favor,1.42,3.00, -- , 1.26 ,Ganhas
16-out-21 18:12:39,"CD Trofense x Benfica Menos de 2,5 gols-Mais/Menos de 2,5 gols | ID Aposta Betfair 1:247480830269 | Feita 16-out-21 17:58:01",A favor,1.71,3.00, -- , 2.13 ,Ganhas
16-out-21 17:52:58,"Real Sociedad x Mallorca Menos de 0,5 gols-Mais/Menos de 0,5 gols | ID Aposta Betfair 1:247480000351 | Feita 16-out-21 17:44:36",A favor,1.32,3.00, -- , -3.00 ,Perdidas
16-out-21 17:52:56,"Santamarina x Almagro BA Menos de 2,5 gols-Mais/Menos de 2,5 gols | ID Aposta Betfair 1:247479830008 | Feita 16-out-21 17:42:25",A favor,1.37,3.00, -- , 1.11 ,Ganhas
16-out-21 17:48:44,"Sporting Gijon x Alcorcon Menos de 0,5 gols-Mais/Menos de 0,5 gols | ID Aposta Betfair 1:247479681598 | Feita 16-out-21 17:40:31",A favor,1.40,3.00, -- , -3.00 ,Perdidas
16-out-21 17:47:08,"PSV x PEC Zwolle Menos de 2,5 gols-Mais/Menos de 2,5 gols | ID Aposta Betfair 1:247479981748 | Feita 16-out-21 17:44:20",A favor,1.59,3.00, -- , -3.00 ,Perdidas
16-out-21 17:43:51,"Fortuna Sittard x Cambuur Leeuwarden Menos de 0,5 gols-Mais/Menos de 0,5 gols | ID Aposta Betfair 1:247479663477 | Feita 16-out-21 17:40:16",A favor,1.37,3.00, -- , -3.00 ,Perdidas
16-out-21 17:41:13,"Gimnasia La Plata x Newells Menos de 1,5 gols-Mais/Menos de 1,5 gols | ID Aposta Betfair 1:247478648234 | Feita 16-out-21 17:28:18",A favor,1.41,3.00, -- , 1.23 ,Ganhas
16-out-21 17:39:45,"Standard x Oud-Heverlee Leuven Menos de 2,5 gols-Mais/Menos de 2,5 gols | ID Aposta Betfair 1:247478622509 | Feita 16-out-21 17:28:03",A favor,1.61,3.00, -- , -3.00 ,Perdidas
16-out-21 17:27:21,"Hamburger SV x Fortuna Dusseldorf Menos de 2,5 gols-Mais/Menos de 2,5 gols | ID Aposta Betfair 1:247477496044 | Feita 16-out-21 17:16:51",A favor,1.36,3.00, -- , 1.08 ,Ganhas
16-out-21 17:25:22,"Skra Czestochowa x GKS Katowice Menos de 0,5 gols-Mais/Menos de 0,5 gols | ID Aposta Betfair 1:247476941564 | Feita 16-out-21 17:11:50",A favor,1.38,3.00, -- , 1.14 ,Ganhas
16-out-21 17:23:51,"FC Zurich x Lugano Menos de 1,5 gols-Mais/Menos de 1,5 gols | ID Aposta Betfair 1:247477025837 | Feita 16-out-21 17:12:38",A favor,1.45,3.00, -- , 1.35 ,Ganhas
16-out-21 17:23:36,"Malaga x Zaragoza Menos de 2,5 gols-Mais/Menos de 2,5 gols | ID Aposta Betfair 1:247477155647 | Feita 16-out-21 17:13:49",A favor,1.25,3.00, -- , 0.75 ,Ganhas
16-out-21 17:05:53,"NK Maribor x NK Radomlje Menos de 1,5 gols-Mais/Menos de 1,5 gols | ID Aposta Betfair 1:247475193328 | Feita 16-out-21 16:55:41",A favor,1.47,3.00, -- , 1.41 ,Ganhas
16-out-21 17:04:22,"CA San Miguel x Defensores Unidos Menos de 2,5 gols-Mais/Menos de 2,5 gols | ID Aposta Betfair 1:247474941104 | Feita 16-out-21 16:53:01",A favor,1.28,3.00, -- , 0.84 ,Ganhas
16-out-21 17:01:23,"Liverpool Montevideo x Plaza Colonia Menos de 0,5 gols-Mais/Menos de 0,5 gols | ID Aposta Betfair 1:247474420419 | Feita 16-out-21 16:47:55",A favor,1.36,3.00, -- , -3.00 ,Perdidas
16-out-21 16:59:51,"Utc Cajamarca x Sport Boys (Per) Menos de 1,5 gols-Mais/Menos de 1,5 gols | ID Aposta Betfair 1:247475219457 | Feita 16-out-21 16:55:58",A favor,1.43,3.00, -- , -3.00 ,Perdidas
16-out-21 16:56:00,"Brown de Adrogue x Gimnasia Jujuy Menos de 2,5 gols-Mais/Menos de 2,5 gols | ID Aposta Betfair 1:247474157708 | Feita 16-out-21 16:45:31",A favor,1.27,3.00, -- , 0.81 ,Ganhas
16-out-21 16:55:59,"Cobreloa Calama x Deportes Copiapo Menos de 2,5 gols-Mais/Menos de 2,5 gols | ID Aposta Betfair 1:247474005207 | Feita 16-out-21 16:44:09",A favor,1.33,3.00, -- , 0.99 ,Ganhas
16-out-21 16:54:54,"Aparecidense Go x Uberlandia MG Menos de 0,5 gols-Mais/Menos de 0,5 gols | ID Aposta Betfair 1:247474608019 | Feita 16-out-21 16:49:48",A favor,1.40,3.00, -- , -3.00 ,Perdidas
16-out-21 16:54:43,"Biel Bienne x Breitenrain Menos de 1,5 gols-Mais/Menos de 1,5 gols | ID Aposta Betfair 1:247473903831 | Feita 16-out-21 16:43:12",A favor,1.38,3.00, -- , 1.14 ,Ganhas
16-out-21 16:53:41,"Acassuso x Argentino de Quilmes Menos de 1,5 gols-Mais/Menos de 1,5 gols | ID Aposta Betfair 1:247473929331 | Feita 16-out-21 16:43:25",A favor,1.31,3.00, -- , 0.93 ,Ganhas
16-out-21 16:53:27,"Uai Urquiza x Deportivo Armenio Menos de 2,5 gols-Mais/Menos de 2,5 gols | ID Aposta Betfair 1:247474032097 | Feita 16-out-21 16:44:26",A favor,1.43,3.00, -- , -3.00 ,Perdidas
16-out-21 16:53:14,"Santiago Wanderers x Everton De Vina Menos de 2,5 gols-Mais/Menos de 2,5 gols | ID Aposta Betfair 1:247474654010 | Feita 16-out-21 16:50:15",A favor,1.28,3.00, -- , -3.00 ,Perdidas
16-out-21 16:53:00,"Camioneros x Circulo Deportivo Otamendi Menos de 1,5 gols-Mais/Menos de 1,5 gols | ID Aposta Betfair 1:247474095797 | Feita 16-out-21 16:45:00",A favor,1.28,3.00, -- , -3.00 ,Perdidas
16-out-21 16:42:06,"Chiasso x SC Bruhl St Gallen Menos de 1,5 gols-Mais/Menos de 1,5 gols | ID Aposta Betfair 1:247473311466 | Feita 16-out-21 16:38:16",A favor,1.44,3.00, -- , -3.00 ,Perdidas
16-out-21 16:17:06,"Shabab Al Ordon x Al Aqaba Menos de 1,5 gols-Mais/Menos de 1,5 gols | ID Aposta Betfair 1:247469380835 | Feita 16-out-21 16:10:11",A favor,1.41,3.00, -- , -3.00 ,Perdidas
15-out-21 23:14:27,"Velez Sarsfield x Arsenal De Sarandi Menos de 0,5 gols-Mais/Menos de 0,5 gols | ID Aposta Betfair 1:247360063127 | Feita 15-out-21 22:59:57",A favor,1.38,3.00, -- , 1.14 ,Ganhas
15-out-21 03:50:00,"Colômbia x Equador Menos de 0,5 gols-Mais/Menos de 0,5 gols | ID Aposta Betfair 1:247248099608 | Feita 14-out-21 19:47:46",A favor,1.32,3.00, -- , 0.96 ,Ganhas
14-out-21 23:47:02,"Real Madriz x ART Municipal Jalapa Menos de 1,5 gols-Mais/Menos de 1,5 gols | ID Aposta Betfair 1:247256238185 | Feita 14-out-21 23:39:48",A favor,1.39,3.00, -- , -3.00 ,Perdidas
14-out-21 23:11:26,"Brasil x Uruguai Mais de 3,5 gols-Mais/Menos de 3,5 gols | ID Aposta Betfair 1:247252566456 | Feita 14-out-21 22:04:05",A favor,1.98,14.00, -- , 13.72 ,Ganhas
14-out-21 21:06:23,"São Paulo x Ceará Menos de 2,5 gols-Mais/Menos de 2,5 gols | ID Aposta Betfair 1:247250296032 | Feita 14-out-21 20:54:22",A favor,1.48,3.00, -- , 1.44 ,Ganhas
14-out-21 20:56:17,"Cuiabá x Sport Recife Menos de 1,5 gols-Mais/Menos de 1,5 gols | ID Aposta Betfair 1:247249935756 | Feita 14-out-21 20:43:34",A favor,1.34,3.00, -- , 1.02 ,Ganhas
14-out-21 16:58:12,"AD Sao Caetano do Sul U20 x XV Jau U20 Menos de 2,5 gols-Mais/Menos de 2,5 gols | ID Aposta Betfair 1:247241537207 | Feita 14-out-21 16:45:17",A favor,1.41,3.00, -- , 1.23 ,Ganhas
14-out-21 16:56:23,"Fernandopolis SP U20 x CA Juventus U20 Menos de 2,5 gols-Mais/Menos de 2,5 gols | ID Aposta Betfair 1:247241463399 | Feita 14-out-21 16:43:51",A favor,1.44,3.00, -- , 1.32 ,Ganhas
14-out-21 16:56:15,"CA Penapolense U20 x Ponte Preta Sub20 Menos de 0,5 gols-Mais/Menos de 0,5 gols | ID Aposta Betfair 1:247241502540 | Feita 14-out-21 16:44:37",A favor,1.35,3.00, -- , 1.05 ,Ganhas
14-out-21 16:54:40,"Gama x Aquidauanense Menos de 1,5 gols-Mais/Menos de 1,5 gols | ID Aposta Betfair 1:247241425412 | Feita 14-out-21 16:43:01",A favor,1.36,3.00, -- , 1.08 ,Ganhas
14-out-21 16:51:19,"Audax U20 x Itapirense U20 Menos de 1,5 gols-Mais/Menos de 1,5 gols | ID Aposta Betfair 1:247241515519 | Feita 14-out-21 16:44:52",A favor,1.38,3.00, -- , -3.00 ,Perdidas
14-out-21 16:45:39,"Durham (W) x Man Utd (F) Menos de 3,5 gols-Mais/Menos de 3,5 gols | ID Aposta Betfair 1:247241485162 | Feita 14-out-21 16:44:16",A favor,1.40,1.15, -- , -1.15 ,Perdidas
14-out-21 15:51:29,"Jonkopings Sodra x Sundsvall Menos de 2,5 gols-Mais/Menos de 2,5 gols | ID Aposta Betfair 1:247237382500 | Feita 14-out-21 15:41:16",A favor,1.47,3.00, -- , 1.41 ,Ganhas
14-out-21 15:49:47,"Start II v Express IL Menos de 1,5 gols-Mais/Menos de 1,5 gols | ID Aposta Betfair 1:247237360068 | Feita 14-out-21 15:40:54",A favor,1.48,3.00, -- , -3.00 ,Perdidas
14-out-21 15:37:46,"Koge (W) x FC Barcelona (F) Menos de 1,5 gols-Mais/Menos de 1,5 gols | ID Aposta Betfair 1:247236369642 | Feita 14-out-21 15:25:56",A favor,2.10,3.00, -- , -3.00 ,Perdidas
14-out-21 15:35:59,"Bayern Munich (F) x BK Hacken (F) Menos de 3,5 gols-Mais/Menos de 3,5 gols | ID Aposta Betfair 1:247236501265 | Feita 14-out-21 15:27:55",A favor,1.52,3.00, -- , -3.00 ,Perdidas
14-out-21 15:32:03,"Hapoel Raanana (W) v M Bnot Emek Hefer (W) Menos de 2,5 gols-Mais/Menos de 2,5 gols | ID Aposta Betfair 1:247236449207 | Feita 14-out-21 15:27:05",A favor,1.42,3.00, -- , -3.00 ,Perdidas
14-out-21 14:54:41,"MS Hapoel Lod x Beitar Ironi Maale Adumin Menos de 2,5 gols-Mais/Menos de 2,5 gols | ID Aposta Betfair 1:247233147537 | Feita 14-out-21 14:40:57",A favor,1.98,3.00, -- , 2.94 ,Ganhas
14-out-21 14:51:41,"NTNUI v Melhus IL Menos de 1,5 gols-Mais/Menos de 1,5 gols | ID Aposta Betfair 1:247233094066 | Feita 14-out-21 14:40:01",A favor,1.50,3.00, -- , 1.50 ,Ganhas
14-out-21 14:45:26,"FC Maardu x FC Elva Menos de 1,5 gols-Mais/Menos de 1,5 gols | ID Aposta Betfair 1:247233232120 | Feita 14-out-21 14:42:25",A favor,1.63,3.00, -- , -3.00 ,Perdidas
13-out-21 23:52:30,"Antigua GFC x CSD Municipal Menos de 2,5 gols-Mais/Menos de 2,5 gols | ID Aposta Betfair 1:247186965286 | Feita 13-out-21 23:42:10",A favor,1.28,3.00, -- , 0.83 ,Ganhas
13-out-21 23:00:27,"Chicago Red Stars (W) x Orlando Pride SC (W) Menos de 1,5 gols-Mais/Menos de 1,5 gols | ID Aposta Betfair 1:247184900808 | Feita 13-out-21 22:49:41",A favor,1.34,3.00, -- , 1.02 ,Ganhas
13-out-21 22:59:42,"Kansas City (F) x Houston Dash (W) Menos de 2,5 gols-Mais/Menos de 2,5 gols | ID Aposta Betfair 1:247184967487 | Feita 13-out-21 22:51:34",A favor,1.38,3.00, -- , -3.00 ,Perdidas
13-out-21 22:59:20,"Sporting Kansas City II x Atlanta United FC II Menos de 1,5 gols-Mais/Menos de 1,5 gols | ID Aposta Betfair 1:247184838975 | Feita 13-out-21 22:48:10",A favor,1.43,3.00, -- , 1.29 ,Ganhas
13-out-21 22:57:55,"Honduras x Jamaica Menos de 2,5 gols-Mais/Menos de 2,5 gols | ID Aposta Betfair 1:247184869457 | Feita 13-out-21 22:48:53",A favor,1.30,3.00, -- , 0.90 ,Ganhas
13-out-21 22:11:34,"Canadá x Panamá Menos de 4,5 gols-Mais/Menos de 4,5 gols | ID Aposta Betfair 1:247101870275 | Feita 12-out-21 20:32:16",A favor,1.06,3.00, -- , -3.00 ,Perdidas
13-out-21 21:25:41,"Jacuipense BA x FC Atletico Cearense Menos de 1,5 gols-Mais/Menos de 1,5 gols | ID Aposta Betfair 1:247180200299 | Feita 13-out-21 21:15:24",A favor,1.31,3.00, -- , 0.94 ,Ganhas
13-out-21 20:59:46,"Rocha FC x CA Villa Teresa Menos de 2,5 gols-Mais/Menos de 2,5 gols | ID Aposta Betfair 1:247179028859 | Feita 13-out-21 20:49:09",A favor,1.38,3.00, -- , 1.14 ,Ganhas
13-out-21 20:53:23,"Mineros de Zacatecas x Tapatio Menos de 1,5 gols-Mais/Menos de 1,5 gols | ID Aposta Betfair 1:247178712845 | Feita 13-out-21 20:41:45",A favor,1.37,3.00, -- , 1.11 ,Ganhas
13-out-21 20:35:53,"Canadá x Panamá Mais de 0,5 gols-Mais/Menos de 0,5 gols | ID Aposta Betfair 1:247101860544 | Feita 12-out-21 20:32:02",A favor,1.07,3.00, -- , 0.21 ,Ganhas
13-out-21 20:03:14,"Inter Playa Del Carmen x Reboceros De La Piedad Menos de 2,5 gols-Mais/Menos de 2,5 gols | ID Aposta Betfair 1:247176632552 | Feita 13-out-21 19:51:02",A favor,1.44,3.00, -- , 1.32 ,Ganhas
13-out-21 19:59:35,"Union San Felipe x Fernandez Vial Menos de 1,5 gols-Mais/Menos de 1,5 gols | ID Aposta Betfair 1:247176463845 | Feita 13-out-21 19:46:01",A favor,1.57,3.00, -- , 1.71 ,Ganhas
13-out-21 19:55:53,"Correcaminos (Premier) v Leones Negros Udg Menos de 2,5 gols-Mais/Menos de 2,5 gols | ID Aposta Betfair 1:247176399382 | Feita 13-out-21 19:44:13",A favor,1.36,3.00, -- , 1.08 ,Ganhas
13-out-21 19:26:46,"Independiente Juniors x El Nacional Menos de 2,5 gols-Mais/Menos de 2,5 gols | ID Aposta Betfair 1:247175100801 | Feita 13-out-21 19:13:54",A favor,2.04,3.00, -- , 3.12 ,Ganhas
13-out-21 19:22:50,"Gualaceo SC x CDEF Puerto Quito Menos de 1,5 gols-Mais/Menos de 1,5 gols | ID Aposta Betfair 1:247175093113 | Feita 13-out-21 19:13:45",A favor,1.36,3.00, -- , 1.08 ,Ganhas
13-out-21 18:45:55,"Municipal Grecia x AD Guanacasteca Menos de 2,5 gols-Mais/Menos de 2,5 gols | ID Aposta Betfair 1:247173989147 | Feita 13-out-21 18:41:58",A favor,1.47,3.00, -- , -3.00 ,Perdidas
13-out-21 17:53:38,"Tacuary x Sportivo Iteno Menos de 0,5 gols-Mais/Menos de 0,5 gols | ID Aposta Betfair 1:247172338783 | Feita 13-out-21 17:42:14",A favor,1.33,3.00, -- , 0.99 ,Ganhas
13-out-21 17:51:39,"Santiago Morning x Barnechea Menos de 2,5 gols-Mais/Menos de 2,5 gols | ID Aposta Betfair 1:247172257242 | Feita 13-out-21 17:40:08",A favor,1.46,3.00, -- , 1.38 ,Ganhas
13-out-21 17:39:01,"Warrenpoint x Loughgall Menos de 1,5 gols-Mais/Menos de 1,5 gols | ID Aposta Betfair 1:247171825278 | Feita 13-out-21 17:27:38",A favor,1.35,3.00, -- , 1.05 ,Ganhas
13-out-21 17:38:22,"Coventry City (W) x Watford (F) Menos de 3,5 gols-Mais/Menos de 3,5 gols | ID Aposta Betfair 1:247171836658 | Feita 13-out-21 17:27:53",A favor,1.43,3.00, -- , 1.29 ,Ganhas
13-out-21 17:38:02,"Glenavon x Glentoran Menos de 0,5 gols-Mais/Menos de 0,5 gols | ID Aposta Betfair 1:247171802113 | Feita 13-out-21 17:27:08",A favor,1.40,3.00, -- , 1.20 ,Ganhas
13-out-21 17:36:52,"Cefn Druids x Aberystwyth Menos de 1,5 gols-Mais/Menos de 1,5 gols | ID Aposta Betfair 1:247171777724 | Feita 13-out-21 17:26:33",A favor,1.43,3.00, -- , 1.29 ,Ganhas
13-out-21 17:28:43,"CA Lanus (Res) x CA Banfield (Res) Menos de 0,5 gols-Mais/Menos de 0,5 gols | ID Aposta Betfair 1:247171349570 | Feita 13-out-21 17:17:10",A favor,1.35,3.00, -- , 1.05 ,Ganhas
13-out-21 17:26:01,"Tottenham (F) x Charlton (F) Menos de 1,5 gols-Mais/Menos de 1,5 gols | ID Aposta Betfair 1:247171224671 | Feita 13-out-21 17:14:47",A favor,1.55,3.00, -- , 1.65 ,Ganhas
13-out-21 17:25:12,"Merida AD x Moralo CP Menos de 2,5 gols-Mais/Menos de 2,5 gols | ID Aposta Betfair 1:247171105087 | Feita 13-out-21 17:12:41",A favor,1.43,3.00, -- , 1.29 ,Ganhas
13-out-21 17:24:21,"Birmingham (F) x Brighton (F) Menos de 1,5 gols-Mais/Menos de 1,5 gols | ID Aposta Betfair 1:247171120912 | Feita 13-out-21 17:12:58",A favor,1.37,3.00, -- , 1.11 ,Ganhas
13-out-21 17:23:01,"Reading (F) x Bristol City (F) Menos de 0,5 gols-Mais/Menos de 0,5 gols | ID Aposta Betfair 1:247171234358 | Feita 13-out-21 17:14:59",A favor,1.53,3.00, -- , -3.00 ,Perdidas
13-out-21 17:21:42,"Atletico Goianiense U20 v Morrinhos FC U20 Menos de 1,5 gols-Mais/Menos de 1,5 gols | ID Aposta Betfair 1:247171372140 | Feita 13-out-21 17:17:35",A favor,1.42,3.00, -- , -3.00 ,Perdidas
13-out-21 17:01:14,"Liverpool (F) x Aston Villa (F) Menos de 2,5 gols-Mais/Menos de 2,5 gols | ID Aposta Betfair 1:247169805466 | Feita 13-out-21 16:49:10",A favor,1.32,3.00, -- , 0.96 ,Ganhas
13-out-21 16:56:28,"EC Sao Jose (W) v EC Taubate (W) Menos de 1,5 gols-Mais/Menos de 1,5 gols | ID Aposta Betfair 1:247169550229 | Feita 13-out-21 16:44:31",A favor,1.42,3.00, -- , 1.26 ,Ganhas
13-out-21 16:53:35,"Sao Paulo (W) v Ferroviaria S/A Araraquara (W) Menos de 2,5 gols-Mais/Menos de 2,5 gols | ID Aposta Betfair 1:247169473904 | Feita 13-out-21 16:43:12",A favor,1.52,3.00, -- , -3.00 ,Perdidas
13-out-21 16:25:54,"Djk Adler Union Frintrop v Sportfreunde Baumberg Menos de 2,5 gols-Mais/Menos de 2,5 gols | ID Aposta Betfair 1:247167518913 | Feita 13-out-21 16:17:45",A favor,1.35,3.00, -- , 1.05 ,Ganhas
13-out-21 16:19:03,"Club Atletico Saguntino v Hercules CF II Menos de 3,5 gols-Mais/Menos de 3,5 gols | ID Aposta Betfair 1:247167351035 | Feita 13-out-21 16:15:49",A favor,1.25,3.00, -- , -3.00 ,Perdidas
13-out-21 16:18:36,"SG Bad Soden v 1. FC 06 Erlensee Menos de 4,5 gols-Mais/Menos de 4,5 gols | ID Aposta Betfair 1:247167376435 | Feita 13-out-21 16:16:06",A favor,1.38,3.00, -- , -3.00 ,Perdidas
13-out-21 16:03:21,"Polonia Warsaw x Mamry Gizycko Menos de 3,5 gols-Mais/Menos de 3,5 gols | ID Aposta Betfair 1:247165050086 | Feita 13-out-21 15:50:58",A favor,1.56,3.00, -- , 1.68 ,Ganhas
13-out-21 16:00:18,"Canoneros Marina x Yalmakan FC Menos de 1,5 gols-Mais/Menos de 1,5 gols | ID Aposta Betfair 1:247164736302 | Feita 13-out-21 15:46:46",A favor,1.42,0.84, -- , 0.36 ,Ganhas
13-out-21 15:53:36,"Baltika x Volgar Astrakhan Menos de 2,5 gols-Mais/Menos de 2,5 gols | ID Aposta Betfair 1:247164464434 | Feita 13-out-21 15:43:21",A favor,1.43,3.00, -- , 1.29 ,Ganhas
13-out-21 15:53:21,"SV Donau x Favoritner AC Menos de 3,5 gols-Mais/Menos de 3,5 gols | ID Aposta Betfair 1:247164340563 | Feita 13-out-21 15:41:43",A favor,1.47,3.00, -- , 1.41 ,Ganhas
13-out-21 15:52:34,"Guijuelo x CDA Navalcarnero Menos de 3,5 gols-Mais/Menos de 3,5 gols | ID Aposta Betfair 1:247164357320 | Feita 13-out-21 15:41:57",A favor,1.38,3.00, -- , 1.14 ,Ganhas
13-out-21 15:50:14,"FC Honka U20 x TPS Turku U20 Menos de 1,5 gols-Mais/Menos de 1,5 gols | ID Aposta Betfair 1:247164246376 | Feita 13-out-21 15:40:29",A favor,1.60,3.00, -- , -3.00 ,Perdidas
13-out-21 14:56:29,"Ordusporl Isletmeciligi x Fethiyespor Menos de 2,5 gols-Mais/Menos de 2,5 gols | ID Aposta Betfair 1:247159589062 | Feita 13-out-21 14:41:05",A favor,1.49,3.00, -- , 1.47 ,Ganhas
13-out-21 14:53:14,"Beitar Tel Aviv Ramla x Hapoel Raanana Menos de 3,5 gols-Mais/Menos de 3,5 gols | ID Aposta Betfair 1:247159543542 | Feita 13-out-21 14:40:35",A favor,1.32,3.00, -- , 0.96 ,Ganhas
13-out-21 14:48:24,"FC Stockholm Internazionale x Elfsborg Menos de 3,5 gols-Mais/Menos de 3,5 gols | ID Aposta Betfair 1:247159604303 | Feita 13-out-21 14:41:16",A favor,1.37,3.00, -- , 1.11 ,Ganhas
13-out-21 13:54:28,"Magallanes x Univ de Concepcion Menos de 3,5 gols-Mais/Menos de 3,5 gols | ID Aposta Betfair 1:247155522543 | Feita 13-out-21 13:43:28",A favor,1.39,3.00, -- , 1.17 ,Ganhas
13-out-21 13:53:57,"Kamaz x Yenisey Krasnoyarsk Menos de 2,5 gols-Mais/Menos de 2,5 gols | ID Aposta Betfair 1:247155451542 | Feita 13-out-21 13:42:16",A favor,1.37,3.00, -- , 1.11 ,Ganhas
13-out-21 13:52:08,"CD Ebro x CD Izarra Menos de 0,5 gols-Mais/Menos de 0,5 gols | ID Aposta Betfair 1:247155443642 | Feita 13-out-21 13:42:07",A favor,1.27,3.00, -- , -3.00 ,Perdidas
13-out-21 13:51:48,"Santa Eulalia x Lleida Menos de 1,5 gols-Mais/Menos de 1,5 gols | ID Aposta Betfair 1:247155302167 | Feita 13-out-21 13:39:31",A favor,1.33,3.00, -- , 0.99 ,Ganhas
13-out-21 13:49:19,"Akron-L Togliatti x Alania Vladikavkaz Menos de 2,5 gols-Mais/Menos de 2,5 gols | ID Aposta Betfair 1:247155365963 | Feita 13-out-21 13:40:43",A favor,1.61,3.00, -- , -3.00 ,Perdidas
13-out-21 13:22:30,"FK Metallurg Lipetsk x FK Veles Moscow Menos de 1,5 gols-Mais/Menos de 1,5 gols | ID Aposta Betfair 1:247153292363 | Feita 13-out-21 13:11:40",A favor,1.36,3.00, -- , 1.08 ,Ganhas
13-out-21 13:18:21,"Partizan Belgrade x FK Trayal Krusevac Menos de 3,5 gols-Mais/Menos de 3,5 gols | ID Aposta Betfair 1:247153277296 | Feita 13-out-21 13:11:28",A favor,1.61,3.00, -- , 1.84 ,Ganhas
13-out-21 12:57:24,"Fakel x SKA-Khabarovsk Menos de 1,5 gols-Mais/Menos de 1,5 gols | ID Aposta Betfair 1:247151189949 | Feita 13-out-21 12:47:22",A favor,1.31,3.00, -- , 0.93 ,Ganhas
13-out-21 11:57:25,"Kabwe Warriors x Zesco United Menos de 2,5 gols-Mais/Menos de 2,5 gols | ID Aposta Betfair 1:247146501243 | Feita 13-out-21 11:45:54",A favor,1.24,3.00, -- , 0.72 ,Ganhas
13-out-21 11:56:50,"Follonica Gavorrano v US Pianese Menos de 1,5 gols-Mais/Menos de 1,5 gols | ID Aposta Betfair 1:247146331786 | Feita 13-out-21 11:43:27",A favor,1.43,3.00, -- , 1.29 ,Ganhas
13-out-21 11:50:47,"Rosenborg BK (W) x LSK Kvinner (W) Menos de 3,5 gols-Mais/Menos de 3,5 gols | ID Aposta Betfair 1:247146011829 | Feita 13-out-21 11:39:34",A favor,1.46,3.00, -- , 1.38 ,Ganhas
13-out-21 11:49:30,"Unia Skierniewice x Bron Radom Menos de 1,5 gols-Mais/Menos de 1,5 gols | ID Aposta Betfair 1:247145989313 | Feita 13-out-21 11:39:17",A favor,1.40,3.00, -- , 1.20 ,Ganhas
13-out-21 11:48:05,"Partizan Bardejov x FK Humenne Menos de 0,5 gols-Mais/Menos de 0,5 gols | ID Aposta Betfair 1:247145961518 | Feita 13-out-21 11:38:58",A favor,1.32,3.00, -- , 0.96 ,Ganhas
13-out-21 11:45:59,"TS Sokol Aleksandrow x KS Kutno Menos de 1,5 gols-Mais/Menos de 1,5 gols | ID Aposta Betfair 1:247146120075 | Feita 13-out-21 11:40:51",A favor,1.44,0.87, -- , -0.87 ,Perdidas
13-out-21 11:45:59,"TS Sokol Aleksandrow x KS Kutno Menos de 1,5 gols-Mais/Menos de 1,5 gols | ID Aposta Betfair 1:247146135778 | Feita 13-out-21 11:41:04",A favor,1.44,2.13, -- , -2.13 ,Perdidas
13-out-21 11:45:33,"West Ham U23 x Exeter City FC U23 Menos de 3,5 gols-Mais/Menos de 3,5 gols | ID Aposta Betfair 1:247146312078 | Feita 13-out-21 11:43:11",A favor,1.87,3.00, -- , -3.00 ,Perdidas
13-out-21 11:45:08,"Blonianka Blonie x Pilica Bialobrzegi Menos de 3,5 gols-Mais/Menos de 3,5 gols | ID Aposta Betfair 1:247145821912 | Feita 13-out-21 11:37:35",A favor,1.31,3.00, -- , -3.00 ,Perdidas
13-out-21 10:55:46,"Khonkaen x Nakhon Pathom Menos de 1,5 gols-Mais/Menos de 1,5 gols | ID Aposta Betfair 1:247141521784 | Feita 13-out-21 10:45:12",A favor,1.31,3.00, -- , 0.93 ,Ganhas
13-out-21 10:55:10,"Udon Thani x Rajpracha Menos de 1,5 gols-Mais/Menos de 1,5 gols | ID Aposta Betfair 1:247141476448 | Feita 13-out-21 10:44:35",A favor,1.23,3.00, -- , 0.69 ,Ganhas
13-out-21 10:51:54,"Radnik Surdulica x FK Radnicki 1923 Menos de 2,5 gols-Mais/Menos de 2,5 gols | ID Aposta Betfair 1:247141431440 | Feita 13-out-21 10:44:00",A favor,1.31,3.00, -- , 0.93 ,Ganhas
13-out-21 10:50:55,"Krasnodar II x FK Torpedo Moskva Menos de 2,5 gols-Mais/Menos de 2,5 gols | ID Aposta Betfair 1:247141389373 | Feita 13-out-21 10:43:22",A favor,1.25,3.00, -- , 0.75 ,Ganhas
13-out-21 10:23:02,"Tomsk x Olimp-Dolgoprudny Menos de 2,5 gols-Mais/Menos de 2,5 gols | ID Aposta Betfair 1:247138746501 | Feita 13-out-21 10:12:38",A favor,1.32,3.00, -- , 0.96 ,Ganhas
13-out-21 10:16:23,"Ayutthaya United x Navy FC Menos de 2,5 gols-Mais/Menos de 2,5 gols | ID Aposta Betfair 1:247138804735 | Feita 13-out-21 10:13:27",A favor,1.32,3.00, -- , -3.00 ,Perdidas
13-out-21 10:00:55,"BG Pathumthani United x Muangthong Utd Menos de 3,5 gols-Mais/Menos de 3,5 gols | ID Aposta Betfair 1:247136851859 | Feita 13-out-21 09:52:13",A favor,1.27,3.00, -- , 0.81 ,Ganhas
13-out-21 10:00:07,"Rayong FC x Trat Menos de 1,5 gols-Mais/Menos de 1,5 gols | ID Aposta Betfair 1:247136438841 | Feita 13-out-21 09:47:22",A favor,1.35,3.00, -- , 1.04 ,Ganhas
13-out-21 09:59:47,"Ranong FC x Chiang Mai Menos de 2,5 gols-Mais/Menos de 2,5 gols | ID Aposta Betfair 1:247136464807 | Feita 13-out-21 09:47:41",A favor,1.44,3.00, -- , 1.32 ,Ganhas
13-out-21 09:57:50,"Kusadasispor x Sile Yildizspor Menos de 2,5 gols-Mais/Menos de 2,5 gols | ID Aposta Betfair 1:247136421391 | Feita 13-out-21 09:47:09",A favor,1.50,3.00, -- , 1.50 ,Ganhas
13-out-21 09:56:35,"68 Aksaray Belediyespor x Duzcespor Menos de 3,5 gols-Mais/Menos de 3,5 gols | ID Aposta Betfair 1:247136033186 | Feita 13-out-21 09:42:34",A favor,1.34,3.00, -- , 1.02 ,Ganhas
13-out-21 09:56:09,"76 Igdir Belediyespor x Yeni Orduspor Menos de 2,5 gols-Mais/Menos de 2,5 gols | ID Aposta Betfair 1:247136239246 | Feita 13-out-21 09:44:56",A favor,1.38,3.00, -- , 1.14 ,Ganhas
13-out-21 09:55:08,"Tepecik Belediye x Modafen Futbol Kulubu Menos de 1,5 gols-Mais/Menos de 1,5 gols | ID Aposta Betfair 1:247135973835 | Feita 13-out-21 09:41:50",A favor,1.30,3.00, -- , 0.90 ,Ganhas
13-out-21 09:54:01,"Ofspor x Kirikkale Buyuk Anadoluspor FC Menos de 0,5 gols-Mais/Menos de 0,5 gols | ID Aposta Betfair 1:247136056673 | Feita 13-out-21 09:42:53",A favor,1.28,3.00, -- , 0.84 ,Ganhas
13-out-21 09:51:10,"Fatsa Belediyespor x Bergama Belediyespor Menos de 0,5 gols-Mais/Menos de 0,5 gols | ID Aposta Betfair 1:247135812997 | Feita 13-out-21 09:39:46",A favor,1.32,3.00, -- , 0.96 ,Ganhas
13-out-21 09:51:03,"Kizilcabolukspor x Carsambaspor Menos de 0,5 gols-Mais/Menos de 0,5 gols | ID Aposta Betfair 1:247135850652 | Feita 13-out-21 09:40:17",A favor,1.39,3.00, -- , 1.17 ,Ganhas
13-out-21 08:54:22,"Kasetsart FC x Phrae United Menos de 1,5 gols-Mais/Menos de 1,5 gols | ID Aposta Betfair 1:247131405164 | Feita 13-out-21 08:42:08",A favor,1.37,3.00, -- , 1.11 ,Ganhas
13-out-21 08:45:32,"Customs United x Lampang FC Menos de 2,5 gols-Mais/Menos de 2,5 gols | ID Aposta Betfair 1:247131474076 | Feita 13-out-21 08:42:59",A favor,1.50,2.12, -- , -2.12 ,Perdidas
13-out-21 00:45:43,Struff/Zverev v Bopanna/Shapovalov Struff/Zverev-Resultado Final | ID Aposta Betfair 1:247014065414 | Feita 11-out-21 22:38:23,A favor,1.64,3.00, -- , -3.00 ,Perdidas
12-out-21 23:55:28,"Ld Alajuelense x Santos De Guapiles Menos de 2,5 gols-Mais/Menos de 2,5 gols | ID Aposta Betfair 1:247107387215 | Feita 12-out-21 22:56:22",A favor,1.24,3.00, -- , 0.72 ,Ganhas
12-out-21 23:55:28,"Ld Alajuelense x Santos De Guapiles Menos de 1,5 gols-Mais/Menos de 1,5 gols | ID Aposta Betfair 1:247108965198 | Feita 12-out-21 23:43:43",A favor,1.38,3.00, -- , 1.14 ,Ganhas
12-out-21 23:31:22,"Danubio x Juventud De Las Piedras Menos de 1,5 gols-Mais/Menos de 1,5 gols | ID Aposta Betfair 1:247108228969 | Feita 12-out-21 23:18:54",A favor,1.41,3.00, -- , 1.23 ,Ganhas
12-out-21 23:30:13,"Cruzeiro x Botafogo Mais de 0,5 gols-Mais/Menos de 0,5 gols | ID Aposta Betfair 1:247107538597 | Feita 12-out-21 23:00:07",A favor,2.06,3.00, -- , -3.00 ,Perdidas
12-out-21 23:30:11,"Cruzeiro x Botafogo Menos de 1,5 gols-Mais/Menos de 1,5 gols | ID Aposta Betfair 1:247107544828 | Feita 12-out-21 23:00:17",A favor,1.16,3.00, -- , 0.48 ,Ganhas
12-out-21 23:28:02,"Bahia x Palmeiras Mais de 0,5 gols-Mais/Menos de 0,5 gols | ID Aposta Betfair 1:247098102764 | Feita 12-out-21 18:50:58",A favor,1.09,3.00, -- , -3.00 ,Perdidas
12-out-21 23:27:54,"Bahia x Palmeiras Menos de 4,5 gols-Mais/Menos de 4,5 gols | ID Aposta Betfair 1:247098106418 | Feita 12-out-21 18:51:05",A favor,1.11,3.00, -- , 0.32 ,Ganhas
12-out-21 23:27:33,"Juazeirense BA x Central PE Menos de 1,5 gols-Mais/Menos de 1,5 gols | ID Aposta Betfair 1:247106908301 | Feita 12-out-21 22:44:17",A favor,1.46,3.00, -- , 1.38 ,Ganhas
12-out-21 23:25:34,"Treze v Floresta EC B Menos de 4,5 gols-Mais/Menos de 4,5 gols | ID Aposta Betfair 1:247108161582 | Feita 12-out-21 23:16:50",A favor,1.29,3.00, -- , 0.87 ,Ganhas
12-out-21 23:22:52,"Edmonton x Atletico Ottawa Menos de 4,5 gols-Mais/Menos de 4,5 gols | ID Aposta Betfair 1:247107467512 | Feita 12-out-21 22:58:14",A favor,1.65,3.00, -- , -3.00 ,Perdidas
12-out-21 23:14:08,"Edmonton x Atletico Ottawa Mais de 3,5 gols-Mais/Menos de 3,5 gols | ID Aposta Betfair 1:247107460038 | Feita 12-out-21 22:58:08",A favor,1.29,3.00, -- , 0.87 ,Ganhas
12-out-21 23:13:29,"Ld Alajuelense x Santos De Guapiles Mais de 0,5 gols-Mais/Menos de 0,5 gols | ID Aposta Betfair 1:247107378891 | Feita 12-out-21 22:56:07",A favor,1.26,3.00, -- , 0.78 ,Ganhas
12-out-21 22:59:28,"Tlaxcala F.C x Pumas Tabasco Menos de 2,5 gols-Mais/Menos de 2,5 gols | ID Aposta Betfair 1:247107186571 | Feita 12-out-21 22:51:08",A favor,1.25,3.00, -- , 0.75 ,Ganhas
12-out-21 22:57:36,"Juazeirense BA x Central PE Mais de 0,5 gols-Mais/Menos de 0,5 gols | ID Aposta Betfair 1:247106946314 | Feita 12-out-21 22:45:18",A favor,1.28,3.00, -- , 0.84 ,Ganhas
12-out-21 22:30:14,"Deportes Iquique x Cobreloa Calama Menos de 2,5 gols-Mais/Menos de 2,5 gols | ID Aposta Betfair 1:247102423502 | Feita 12-out-21 20:49:18",A favor,1.78,3.00, -- , 2.34 ,Ganhas
12-out-21 22:30:14,"Deportes Iquique x Cobreloa Calama Menos de 1,5 gols-Mais/Menos de 1,5 gols | ID Aposta Betfair 1:247105758353 | Feita 12-out-21 22:15:45",A favor,1.43,3.00, -- , 1.29 ,Ganhas
12-out-21 21:20:30,"Deportes Iquique x Cobreloa Calama Mais de 0,5 gols-Gols no 1.º Tempo 0.5 | ID Aposta Betfair 1:247102395634 | Feita 12-out-21 20:48:26",A favor,1.65,3.00, -- , -3.00 ,Perdidas
12-out-21 21:20:30,"Deportes Iquique x Cobreloa Calama Mais de 0,5 gols-Gols no 1.º Tempo 0.5 | ID Aposta Betfair 1:247102413163 | Feita 12-out-21 20:48:56",A favor,1.64,3.00, -- , -3.00 ,Perdidas
12-out-21 21:00:01,"Sampaio Corrêa x Vitória Menos de 4,5 gols-Mais/Menos de 4,5 gols | ID Aposta Betfair 1:247098726055 | Feita 12-out-21 19:08:52",A favor,1.13,3.00, -- , 0.39 ,Ganhas
12-out-21 20:57:47,"Bragantino x Atlético-GO Menos de 4,5 gols-Mais/Menos de 4,5 gols | ID Aposta Betfair 1:247098080885 | Feita 12-out-21 18:50:18",A favor,1.10,3.00, -- , 0.30 ,Ganhas
12-out-21 20:30:36,"Bragantino x Atlético-GO Mais de 0,5 gols-Mais/Menos de 0,5 gols | ID Aposta Betfair 1:247098079045 | Feita 12-out-21 18:50:14",A favor,1.10,3.00, -- , 0.30 ,Ganhas
12-out-21 20:01:35,"Itabaiana x Bahia De Feira BA Menos de 2,5 gols-Mais/Menos de 2,5 gols | ID Aposta Betfair 1:247097361113 | Feita 12-out-21 18:28:43",A favor,1.43,3.00, -- , 1.29 ,Ganhas
12-out-21 19:58:22,"San Luis x Club Deportes Santa Cruz Mais de 0,5 gols-Mais/Menos de 0,5 gols | ID Aposta Betfair 1:247097382910 | Feita 12-out-21 18:29:22",A favor,1.20,3.00, -- , -3.00 ,Perdidas
12-out-21 19:58:19,"San Luis x Club Deportes Santa Cruz Menos de 2,5 gols-Mais/Menos de 2,5 gols | ID Aposta Betfair 1:247097390661 | Feita 12-out-21 18:29:36",A favor,1.36,3.00, -- , 1.08 ,Ganhas
12-out-21 19:57:36,"New England Revolution (Res) x Forward Madison FC Menos de 3,5 gols-Mais/Menos de 3,5 gols | ID Aposta Betfair 1:247097449061 | Feita 12-out-21 18:31:27",A favor,1.48,3.00, -- , 1.44 ,Ganhas
12-out-21 19:57:30,"New England Revolution (Res) x Forward Madison FC Mais de 1,5 gols-Mais/Menos de 1,5 gols | ID Aposta Betfair 1:247097441405 | Feita 12-out-21 18:31:16",A favor,1.13,3.00, -- , -3.00 ,Perdidas
12-out-21 19:55:21,"Leones FC x Tigres FC Zipaquira Menos de 1,5 gols-Mais/Menos de 1,5 gols | ID Aposta Betfair 1:247097423149 | Feita 12-out-21 18:30:41",A favor,1.95,3.00, -- , -3.00 ,Perdidas
12-out-21 19:54:21,"Sporting San Jose FC x ADR Jicaral Menos de 4,5 gols-Mais/Menos de 4,5 gols | ID Aposta Betfair 1:247097300829 | Feita 12-out-21 18:26:55",A favor,1.50,3.00, -- , 1.50 ,Ganhas
12-out-21 19:39:28,"Sporting San Jose FC x ADR Jicaral Mais de 2,5 gols-Mais/Menos de 2,5 gols | ID Aposta Betfair 1:247097312935 | Feita 12-out-21 18:27:18",A favor,1.14,3.00, -- , 0.42 ,Ganhas
12-out-21 19:30:47,Ramos-Vinolas x Basilashvili Albert Ramos-Vinolas-Resultado Final | ID Aposta Betfair 1:247096318960 | Feita 12-out-21 18:00:00,A favor,1.26,3.00, -- , -3.00 ,Perdidas
12-out-21 19:06:37,"Sampaio Corrêa x Vitória Mais de 0,5 gols-Mais/Menos de 0,5 gols | ID Aposta Betfair 1:247098117015 | Feita 12-out-21 18:51:29",A favor,1.14,3.00, -- , 0.42 ,Ganhas
12-out-21 18:57:44,Ramos-Vinolas x Basilashvili Albert Ramos-Vinolas-Set 2 Vencedor | ID Aposta Betfair 1:247096345662 | Feita 12-out-21 18:00:45,A favor,1.65,3.00, -- , -3.00 ,Perdidas
12-out-21 18:42:43,"Leones FC x Tigres FC Zipaquira Mais de 0,5 gols-Mais/Menos de 0,5 gols | ID Aposta Betfair 1:247097415424 | Feita 12-out-21 18:30:25",A favor,1.23,3.00, -- , 0.69 ,Ganhas
12-out-21 18:42:22,"Tigre x Atletico Mitre Menos de 5,5 gols-Mais/Menos de 5,5 gols | ID Aposta Betfair 1:247096127447 | Feita 12-out-21 17:52:52",A favor,1.41,3.00, -- , -3.00 ,Perdidas
12-out-21 18:36:02,"Itabaiana x Bahia De Feira BA Mais de 0,5 gols-Mais/Menos de 0,5 gols | ID Aposta Betfair 1:247097367237 | Feita 12-out-21 18:28:55",A favor,1.16,3.00, -- , 0.48 ,Ganhas
12-out-21 18:27:44,"CA Bermejo x Universitario (Sucre) Mais de 1,5 gols-Mais/Menos de 1,5 gols | ID Aposta Betfair 1:247096187450 | Feita 12-out-21 17:54:59",A favor,1.41,3.00, -- , -3.00 ,Perdidas
12-out-21 03:24:29,Norrie x Bautista Agut Cameron Norrie-Resultado Final | ID Aposta Betfair 1:247021682770 | Feita 12-out-21 03:09:28,A favor,1.62,3.00, -- , 1.86 ,Ganhas
11-out-21 19:48:56,"CA Independiente x Gimnasia La Plata Mais de 1,5 gols-Mais/Menos de 1,5 gols | ID Aposta Betfair 1:247007459730 | Feita 11-out-21 19:07:54",A favor,1.57,3.00, -- , 1.71 ,Ganhas
11-out-21 19:29:38,"Cortulua x Orsomarso Mais de 1,5 gols-Mais/Menos de 1,5 gols | ID Aposta Betfair 1:247006478798 | Feita 11-out-21 18:31:03",A favor,1.60,3.00, -- , 1.80 ,Ganhas
11-out-21 19:15:34,"Estudiantes Rio Cuarto x San Martin de Tucuman Mais de 1,5 gols-Mais/Menos de 1,5 gols | ID Aposta Betfair 1:247003517880 | Feita 11-out-21 17:19:36",A favor,1.66,3.00, -- , -3.00 ,Perdidas
11-out-21 19:00:04,"Agropecuario x Chacarita Mais de 1,5 gols-Mais/Menos de 1,5 gols | ID Aposta Betfair 1:247002385204 | Feita 11-out-21 17:07:34",A favor,1.56,3.00, -- , -3.00 ,Perdidas
11-out-21 18:26:10,"CD MAIPU x Nueva Chicago Mais de 2,5 gols-Mais/Menos de 2,5 gols | ID Aposta Betfair 1:247003088331 | Feita 11-out-21 17:14:47",A favor,1.24,3.00, -- , -3.00 ,Perdidas
11-out-21 18:11:33,"San Lorenzo x Colon Mais de 1,5 gols-Mais/Menos de 1,5 gols | ID Aposta Betfair 1:247002120295 | Feita 11-out-21 17:04:48",A favor,1.83,3.00, -- , 2.49 ,Ganhas
11-out-21 18:03:12,L Harris x Ruud Lloyd Harris-Resultado Final | ID Aposta Betfair 1:247002182064 | Feita 11-out-21 17:05:27,A favor,1.43,3.00, -- , -3.00 ,Perdidas
11-out-21 17:58:17,"OHiggins x Santiago Wanderers Mais de 1,5 gols-Mais/Menos de 1,5 gols | ID Aposta Betfair 1:247003013855 | Feita 11-out-21 17:13:56",A favor,1.50,3.00, -- , -3.00 ,Perdidas
11-out-21 17:47:09,J Aney v A Reami A Reami-Resultado Final | ID Aposta Betfair 1:247003201822 | Feita 11-out-21 17:16:00,A favor,1.55,3.00, -- , -3.00 ,Perdidas
11-out-21 17:44:22,"Ferro Carril Oeste GP x Sansinena Mais de 2,5 gols-Mais/Menos de 2,5 gols | ID Aposta Betfair 1:247002978334 | Feita 11-out-21 17:13:31",A favor,1.32,3.00, -- , 0.96 ,Ganhas
11-out-21 17:42:22,"Eslovénia x Rússia Mais de 3,5 gols-Mais/Menos de 3,5 gols | ID Aposta Betfair 1:247002904020 | Feita 11-out-21 17:12:42",A favor,1.75,3.00, -- , -3.00 ,Perdidas
11-out-21 17:39:29,"Noruega x Montenegro Mais de 1,5 gols-Mais/Menos de 1,5 gols | ID Aposta Betfair 1:247001874324 | Feita 11-out-21 17:02:08",A favor,1.54,3.00, -- , 1.62 ,Ganhas
11-out-21 17:37:27,"Bielorrússia x República Checa Mais de 2,5 gols-Mais/Menos de 2,5 gols | ID Aposta Betfair 1:247002745026 | Feita 11-out-21 17:11:04",A favor,1.62,3.00, -- , -3.00 ,Perdidas
11-out-21 17:37:06,"Roménia x Arménia Mais de 1,5 gols-Mais/Menos de 1,5 gols | ID Aposta Betfair 1:247001946834 | Feita 11-out-21 17:02:55",A favor,1.50,3.00, -- , -3.00 ,Perdidas
11-out-21 17:27:51,Schwartzman x Evans Diego Schwartzman-Resultado Final | ID Aposta Betfair 1:247002160242 | Feita 11-out-21 17:05:13,A favor,1.52,3.00, -- , 1.56 ,Ganhas
11-out-21 17:20:44,"Entella x Pescara Mais de 2,5 gols-Mais/Menos de 2,5 gols | ID Aposta Betfair 1:247003140734 | Feita 11-out-21 17:15:20",A favor,1.45,3.00, -- , 1.35 ,Ganhas
11-out-21 17:16:11,"North Macedonia x Alemanha Mais de 1,5 gols-Mais/Menos de 1,5 gols | ID Aposta Betfair 1:247002658083 | Feita 11-out-21 17:10:17",A favor,1.37,3.00, -- , 1.11 ,Ganhas
11-out-21 17:13:03,"Letônia x Turquia Mais de 0,5 gols-Mais/Menos de 0,5 gols | ID Aposta Betfair 1:247001830074 | Feita 11-out-21 17:01:42",A favor,1.37,3.00, -- , 1.11 ,Ganhas
11-out-21 16:40:20,Catarina x Nic Alvarez Lucas Catarina-Resultado Final | ID Aposta Betfair 1:246987625856 | Feita 11-out-21 14:31:56,A favor,1.57,3.00, -- , -3.00 ,Perdidas
11-out-21 16:03:07,Ni Chappell x Casanova Hernan Casanova-Resultado Final | ID Aposta Betfair 1:246987698151 | Feita 11-out-21 14:32:43,A favor,1.52,3.00, -- , 1.56 ,Ganhas
11-out-21 15:52:16,R Ushijima v K Hui K Hui-Resultado Final | ID Aposta Betfair 1:246987675605 | Feita 11-out-21 14:32:29,A favor,1.65,3.00, -- , 1.95 ,Ganhas
11-out-21 15:51:10,"HFX Wanderers x Pacific Mais de 0,5 gols-Mais/Menos de 0,5 gols | ID Aposta Betfair 1:246988716050 | Feita 11-out-21 14:48:36",A favor,1.25,3.00, -- , 0.75 ,Ganhas
11-out-21 15:05:44,"Defensores de Belgrano (W) x Lanus (F) Mais de 2,5 gols-Mais/Menos de 2,5 gols | ID Aposta Betfair 1:246988024812 | Feita 11-out-21 14:37:44",A favor,1.67,3.00, -- , -3.00 ,Perdidas
11-out-21 14:44:14,"Al-Shabbab (BRN) x Al Budaiya Mais de 1,5 gols-Mais/Menos de 1,5 gols | ID Aposta Betfair 1:246981993623 | Feita 11-out-21 13:07:41",A favor,1.42,3.00, -- , -3.00 ,Perdidas
11-out-21 14:30:22,"Costa Do Marfim x Malawi Mais de 2,5 gols-Mais/Menos de 2,5 gols | ID Aposta Betfair 1:246982091567 | Feita 11-out-21 13:08:56",A favor,1.53,3.00, -- , 1.59 ,Ganhas
11-out-21 14:20:50,"Al Jeel x Bisha FC Mais de 0,5 gols-Over/Under 0.5 Goals Unmanaged | ID Aposta Betfair 1:246981706553 | Feita 11-out-21 13:03:30",A favor,1.52,3.00, -- , -3.00 ,Perdidas
11-out-21 13:43:57,"Al-Shabab x Al Sahel Mais de 1,5 gols-Mais/Menos de 1,5 gols | ID Aposta Betfair 1:246982262326 | Feita 11-out-21 13:11:11",A favor,1.74,3.00, -- , -3.00 ,Perdidas
11-out-21 13:31:02,"República Checa Sub20 x Inglaterra Sub20 Mais de 2,5 gols-Mais/Menos de 2,5 gols | ID Aposta Betfair 1:246981863085 | Feita 11-out-21 13:05:57",A favor,2.20,3.00, -- , 3.60 ,Ganhas
11-out-21 12:42:17,"Al Sailiya x Al Khor Mais de 1,5 gols-Mais/Menos de 1,5 gols | ID Aposta Betfair 1:246977537968 | Feita 11-out-21 11:56:46",A favor,1.56,3.00, -- , 1.68 ,Ganhas
11-out-21 11:40:50,"Alemanha Sub20 x Roménia Sub20 Mais de 1,5 gols-Mais/Menos de 1,5 gols | ID Aposta Betfair 1:246972907639 | Feita 11-out-21 10:44:24",A favor,1.52,3.00, -- , 1.56 ,Ganhas
11-out-21 11:12:25,Basic x Martin Andrej Martin-Resultado Final | ID Aposta Betfair 1:246973067356 | Feita 11-out-21 10:46:50,A favor,1.69,3.00, -- , 2.07 ,Ganhas
11-out-21 11:00:17,"Al-Karmel x Balaama Mais de 3,5 gols-Mais/Menos de 3,5 gols | ID Aposta Betfair 1:246972656106 | Feita 11-out-21 10:41:42",A favor,1.60,3.00, -- , 1.80 ,Ganhas
11-out-21 10:57:57,"Kalteng Putra FC x Persewar Waropen Mais de 0,5 gols-Gols no 1.º Tempo 0.5 | ID Aposta Betfair 1:246973018790 | Feita 11-out-21 10:46:06",A favor,1.93,3.00, -- , 2.79 ,Ganhas
11-out-21 10:51:44,"Gabon x Angola Mais de 0,5 gols-Gols no 1.º Tempo 0.5 | ID Aposta Betfair 1:246972841090 | Feita 11-out-21 10:43:55",A favor,6.20,3.00, -- , -3.00 ,Perdidas
11-out-21 10:50:27,"Moçambique  x Camarões Mais de 0,5 gols-Gols no 1.º Tempo 0.5 | ID Aposta Betfair 1:246972710479 | Feita 11-out-21 10:42:24",A favor,6.20,3.00, -- , -3.00 ,Perdidas
11-out-21 10:48:16,"Reading U23 x Norwich U23 Menos de 4,5 gols-Mais/Menos de 4,5 gols | ID Aposta Betfair 1:246966354568 | Feita 11-out-21 09:04:29",A favor,1.51,3.00, -- , -3.00 ,Perdidas
11-out-21 10:48:01,"FK Loznica x Zeleznicar Pancevo Mais de 1,5 gols-Gols no 1.º Tempo 1.5 | ID Aposta Betfair 1:246972776373 | Feita 11-out-21 10:43:04",A favor,6.38,3.00, -- , -3.00 ,Perdidas
11-out-21 06:51:41,"Minnesota Utd x Colorado Mais de 3,5 gols-Mais/Menos de 3,5 gols | ID Aposta Betfair 1:246931224429 | Feita 10-out-21 17:16:52",A favor,1.92,3.00, -- , 2.76 ,Ganhas
11-out-21 06:51:41,"Minnesota Utd x Colorado Menos de 3,5 gols-Mais/Menos de 3,5 gols | ID Aposta Betfair 1:246933312596 | Feita 10-out-21 17:52:06",A favor,1.40,4.11, -- , -4.11 ,Perdidas
11-out-21 06:51:40,Minnesota Utd x Colorado Minnesota Utd-Resultado Final | ID Aposta Betfair 1:246933643063 | Feita 10-out-21 17:59:46,A favor,1.51,3.00, -- , -3.00 ,Perdidas
11-out-21 02:49:41,Le Fernandez x Pavlyuchenkova Anastasia Pavlyuchenkova-Resultado Final | ID Aposta Betfair 1:246949937497 | Feita 11-out-21 01:44:09,A favor,1.40,3.00, -- , -3.00 ,Perdidas
11-out-21 02:02:01,Le Fernandez x Pavlyuchenkova Leylah Fernandez-Set 2 Vencedor | ID Aposta Betfair 1:246949995925 | Feita 11-out-21 01:46:07,A favor,1.51,3.00, -- , 1.53 ,Ganhas
11-out-21 01:38:47,Buffalo Bills @ Kansas City Chiefs Buffalo Bills-Vencedor | ID Aposta Betfair 1:246944646703 | Feita 10-out-21 22:27:12,A favor,1.57,3.00, -- , 1.71 ,Ganhas
11-out-21 01:26:39,Phoenix Suns @ Los Angeles Lakers Phoenix Suns-Vencedor | ID Aposta Betfair 1:246847484354 | Feita 10-out-21 00:21:46,A favor,1.69,3.00, -- , 2.07 ,Ganhas
11-out-21 00:22:40,Kvitova x Azarenka Victoria Azarenka-Resultado Final | ID Aposta Betfair 1:246946345056 | Feita 10-out-21 23:28:32,A favor,1.53,3.00, -- , 1.59 ,Ganhas
11-out-21 00:05:08,Union De Santa Fe v Club Atletico Obras Sanitarias Union de Santa Fe-Vencedor | ID Aposta Betfair 1:246946407562 | Feita 10-out-21 23:30:48,A favor,1.67,3.00, -- , -3.00 ,Perdidas
10-out-21 23:49:27,Khachanov x Emil Ruusuvuori Karen Khachanov-Resultado Final | ID Aposta Betfair 1:246944617220 | Feita 10-out-21 22:26:18,A favor,1.40,3.00, -- , 1.20 ,Ganhas
10-out-21 23:02:13,"Chile x Paraguai Mais de 0,5 gols-Mais/Menos de 0,5 gols | ID Aposta Betfair 1:246944437243 | Feita 10-out-21 22:20:01",A favor,1.70,3.00, -- , 2.10 ,Ganhas
10-out-21 22:38:01,"Real Madriz x Real Esteli FC Mais de 1,5 gols-Mais/Menos de 1,5 gols | ID Aposta Betfair 1:246944572369 | Feita 10-out-21 22:24:48",A favor,1.70,3.00, -- , 2.10 ,Ganhas
10-out-21 22:30:10,San Antonio Spurs @ Orlando Magic San Antonio Spurs-Vencedor | ID Aposta Betfair 1:246847459097 | Feita 10-out-21 00:21:13,A favor,1.77,3.00, -- , 2.31 ,Ganhas
10-out-21 22:30:10,San Antonio Spurs @ Orlando Magic San Antonio Spurs-Vencedor | ID Aposta Betfair 1:246944379563 | Feita 10-out-21 22:18:09,Contra,1.01,5.20, 0.05 , -0.05 ,Perdidas
10-out-21 20:10:00,Carlos Alcaraz x Murray Andy Murray-Resultado Final | ID Aposta Betfair 1:246933374397 | Feita 10-out-21 17:53:22,A favor,1.96,3.00, -- , 2.88 ,Ganhas
10-out-21 19:11:32,Garin x Escobedo Cristian Garin-Resultado Final | ID Aposta Betfair 1:246933413363 | Feita 10-out-21 17:54:15,A favor,1.41,3.00, -- , 1.23 ,Ganhas
10-out-21 19:03:36,"Venezuela x Equador Mais de 2,5 gols-Mais/Menos de 2,5 gols | ID Aposta Betfair 1:246935011246 | Feita 10-out-21 18:25:31",A favor,1.38,3.00, -- , 1.14 ,Ganhas
10-out-21 18:57:37,"Bolívia x Peru Menos de 2,5 gols-Mais/Menos de 2,5 gols | ID Aposta Betfair 1:246847674632 | Feita 10-out-21 00:26:27",A favor,1.71,3.00, -- , 2.13 ,Ganhas
10-out-21 18:54:18,Cirstea x Svitolina Elina Svitolina-Resultado Final | ID Aposta Betfair 1:246933430215 | Feita 10-out-21 17:54:42,A favor,1.53,3.00, -- , 1.59 ,Ganhas
10-out-21 18:45:18,"Bolívia x Peru Mais de 0,5 gols-Mais/Menos de 0,5 gols | ID Aposta Betfair 1:246933457846 | Feita 10-out-21 17:55:21",A favor,1.38,3.00, -- , 1.14 ,Ganhas
10-out-21 18:07:08,Chicago Sky @ Phoenix Mercury Phoenix Mercury-Vencedor | ID Aposta Betfair 1:246847531172 | Feita 10-out-21 00:23:03,A favor,1.60,3.00, -- , -3.00 ,Perdidas
10-out-21 17:54:51,"Mauritania x Tunísia Mais de 0,5 gols-Mais/Menos de 0,5 gols | ID Aposta Betfair 1:246931015937 | Feita 10-out-21 17:14:03",A favor,1.54,3.00, -- , -3.00 ,Perdidas
10-out-21 17:53:30,"Santos x Grêmio Mais de 0,5 gols-Mais/Menos de 0,5 gols | ID Aposta Betfair 1:246930779222 | Feita 10-out-21 17:10:57",A favor,1.62,3.00, -- , 1.86 ,Ganhas
10-out-21 17:25:29,"Espanha x França Mais de 2,5 gols-Mais/Menos de 2,5 gols | ID Aposta Betfair 1:246930732684 | Feita 10-out-21 17:10:16",A favor,2.06,3.00, -- , 3.18 ,Ganhas
10-out-21 14:56:40,"Cape Verde x Liberia Mais de 1,5 gols-Mais/Menos de 1,5 gols | ID Aposta Betfair 1:246914823467 | Feita 10-out-21 13:26:44",A favor,1.70,3.00, -- , -3.00 ,Perdidas
10-out-21 14:46:45,"Bucaspor x Ankara Demirspor Mais de 1,5 gols-Mais/Menos de 1,5 gols | ID Aposta Betfair 1:246915023496 | Feita 10-out-21 13:28:52",A favor,1.88,3.00, -- , 2.64 ,Ganhas
10-out-21 14:45:06,"Zâmbia x Equatorial Guinea Mais de 1,5 gols-Mais/Menos de 1,5 gols | ID Aposta Betfair 1:246914747046 | Feita 10-out-21 13:25:59",A favor,1.79,3.00, -- , 2.37 ,Ganhas
10-out-21 13:51:03,"Sud America x Liverpool Montevideo Mais de 0,5 gols-Mais/Menos de 0,5 gols | ID Aposta Betfair 1:246914425350 | Feita 10-out-21 13:22:47",A favor,1.32,3.00, -- , 0.96 ,Ganhas
10-out-21 13:46:34,"Leixoes x Feirense Mais de 0,5 gols-Mais/Menos de 0,5 gols | ID Aposta Betfair 1:246914361232 | Feita 10-out-21 13:22:05",A favor,1.43,3.00, -- , 1.29 ,Ganhas
10-out-21 13:46:34,"Leixoes x Feirense Mais de 0,5 gols-Mais/Menos de 0,5 gols | ID Aposta Betfair 1:246914884983 | Feita 10-out-21 13:27:21",A favor,1.42,3.00, -- , 1.26 ,Ganhas
10-out-21 13:22:00,CS Dinamo Bucuresti x BC SCM Timisoara BC SCM Timisoara-Vencedor | ID Aposta Betfair 1:246847507908 | Feita 10-out-21 00:22:25,A favor,1.68,3.00, -- , 2.04 ,Ganhas
10-out-21 12:00:29,SYNTAINICS MBC x HAKRO Merlins Crailsheim HAKRO Merlins Crailsheim-Vencedor | ID Aposta Betfair 1:246847552562 | Feita 10-out-21 00:23:33,A favor,1.52,3.00, -- , -3.00 ,Perdidas
10-out-21 01:44:08,Tyson Fury x Deontay Wilder Tyson Fury-Resultado Final | ID Aposta Betfair 1:246847708229 | Feita 10-out-21 00:27:18,A favor,1.43,3.00, -- , 1.29 ,Ganhas
10-out-21 01:32:44,"Phoenix Rising FC x Oakland Roots Menos de 2,5 gols-Mais/Menos de 2,5 gols | ID Aposta Betfair 1:246847952630 | Feita 10-out-21 00:32:47",A favor,2.18,3.00, -- , 3.54 ,Ganhas
10-out-21 01:15:34,Giron x Krajinovic Giron +2.5-Handicap | ID Aposta Betfair 1:246847616808 | Feita 10-out-21 00:24:58,A favor,1.88,3.00, -- , -3.00 ,Perdidas
10-out-21 00:54:09,"San Diego Loyal SC x Sacramento Republic Mais de 2,5 gols-Mais/Menos de 2,5 gols | ID Aposta Betfair 1:246847972662 | Feita 10-out-21 00:33:17",A favor,2.42,3.00, -- , 4.26 ,Ganhas
10-out-21 00:40:36,Kerber x Siniakova Angelique Kerber-Resultado Final | ID Aposta Betfair 1:246847732841 | Feita 10-out-21 00:27:54,A favor,1.88,3.00, -- , 2.64 ,Ganhas
09-out-21 23:58:26,Seattle Sounders x Vancouver Whitecaps 3 - 1-Resultado correto | ID Aposta Betfair 1:246845851037 | Feita 09-out-21 23:44:37,A favor,1.67,3.00, -- , -3.00 ,Perdidas
09-out-21 23:45:03,"Platense FC x CD Motagua Menos de 4,5 gols-Mais/Menos de 4,5 gols | ID Aposta Betfair 1:246845628175 | Feita 09-out-21 23:39:47",A favor,1.55,3.00, -- , -3.00 ,Perdidas
09-out-21 23:07:19,FC Cincinnati x Philadelphia 0 - 2-Resultado correto | ID Aposta Betfair 1:246843167730 | Feita 09-out-21 22:48:12,A favor,1.75,3.00, -- , -3.00 ,Perdidas
09-out-21 22:55:07,Juventude x América-MG 1 - 1-Resultado correto | ID Aposta Betfair 1:246842132107 | Feita 09-out-21 22:30:47,A favor,1.70,3.00, -- , 2.10 ,Ganhas
09-out-21 22:51:34,Palmeiras x Bragantino 2 - 3-Resultado correto | ID Aposta Betfair 1:246842171841 | Feita 09-out-21 22:31:28,A favor,2.18,3.00, -- , -3.00 ,Perdidas
09-out-21 22:02:35,Union Omaha x Greenville Triumph SC 0 - 1-Resultado correto | ID Aposta Betfair 1:246839708602 | Feita 09-out-21 21:46:16,A favor,1.50,3.00, -- , 1.50 ,Ganhas
09-out-21 22:02:35,New Mexico United x Rio Grande Valley FC 1 - 1-Resultado correto | ID Aposta Betfair 1:246839883462 | Feita 09-out-21 21:50:02,A favor,1.30,3.00, -- , 0.90 ,Ganhas
08-out-21 23:30:03,Coritiba x Cruzeiro 0 - 2-Resultado correto | ID Aposta Betfair 1:246704649862 | Feita 08-out-21 22:36:05,A favor,3.75,3.00, -- , -3.00 ,Perdidas
08-out-21 22:54:46,"Coquimbo Unido x Santiago Morning Menos de 2,5 gols-Mais/Menos de 2,5 gols | ID Aposta Betfair 1:246704578766 | Feita 08-out-21 22:34:45",A favor,1.98,3.00, -- , -3.00 ,Perdidas
08-out-21 19:59:52,Jaguares de Cordoba x Deportivo Pasto Jaguares de Cordoba-Resultado Final | ID Aposta Betfair 1:246692805235 | Feita 08-out-21 18:11:31,A favor,2.02,3.00, -- , 3.06 ,Ganhas
08-out-21 19:21:57,Binacional x Sporting Cristal Binacional-Resultado Final | ID Aposta Betfair 1:246692819600 | Feita 08-out-21 18:11:53,A favor,1.86,3.00, -- , -3.00 ,Perdidas
08-out-21 17:38:09,Rússia x Eslováquia Rússia-Resultado Final | ID Aposta Betfair 1:246678027938 | Feita 08-out-21 15:50:35,A favor,1.90,3.00, -- , 2.70 ,Ganhas
08-out-21 17:37:14,República Checa x País de Gales República Checa-Resultado Final | ID Aposta Betfair 1:246678106333 | Feita 08-out-21 15:51:04,A favor,1.79,3.00, -- , -3.00 ,Perdidas
08-out-21 14:26:39,Saudi Arabia U23 x Bahrain U23 Saudi Arabia U23-Resultado Final | ID Aposta Betfair 1:246655728049 | Feita 08-out-21 12:40:08,A favor,1.44,3.00, -- , 1.32 ,Ganhas
08-out-21 14:24:23,Bulgária  Sub21 x Gibraltar  Sub21 Sim-Ambos os times marcam? | ID Aposta Betfair 1:246655650471 | Feita 08-out-21 12:39:26,A favor,2.84,3.00, -- , -3.00 ,Perdidas
08-out-21 14:22:33,TiPS v LPS Tips-Resultado Final | ID Aposta Betfair 1:246655455934 | Feita 08-out-21 12:37:40,A favor,1.54,3.00, -- , -3.00 ,Perdidas
08-out-21 13:00:37,"Bósnia Sub21 x Itália Sub21 Mais de 1,5 gols-Mais/Menos de 1,5 gols | ID Aposta Betfair 1:246655600842 | Feita 08-out-21 12:38:59",A favor,1.43,3.00, -- , 1.29 ,Ganhas
08-out-21 02:54:23,FC Kariya v Veertien Kuwana Veertien Kuwana-Resultado Final | ID Aposta Betfair 1:246605739584 | Feita 07-out-21 23:21:49,A favor,1.60,3.00, -- , -3.00 ,Perdidas
08-out-21 00:31:27,México x Canadá México-Resultado Final | ID Aposta Betfair 1:246606405642 | Feita 07-out-21 23:39:17,A favor,1.87,3.00, -- , -3.00 ,Perdidas
07-out-21 23:54:04,Peru x Chile Peru-Resultado Final | ID Aposta Betfair 1:246605664514 | Feita 07-out-21 23:20:08,A favor,1.41,3.00, -- , 1.23 ,Ganhas
07-out-21 23:03:14,Honduras x Costa Rica Empate -Resultado Final | ID Aposta Betfair 1:246603692746 | Feita 07-out-21 22:35:58,A favor,1.67,3.00, -- , 2.01 ,Ganhas
07-out-21 22:27:44,Venezuela x Brasil Brasil-Resultado Final | ID Aposta Betfair 1:246600725671 | Feita 07-out-21 21:19:39,A favor,3.10,14.84, -- , 31.17 ,Ganhas
07-out-21 22:27:44,Venezuela x Brasil Brasil-Resultado Final | ID Aposta Betfair 1:246602092221 | Feita 07-out-21 21:54:11,Contra,5.40,8.36, 36.78 , -36.78 ,Perdidas
07-out-21 22:27:44,Venezuela x Brasil Brasil-Resultado Final | ID Aposta Betfair 1:246602673233 | Feita 07-out-21 22:10:42,A favor,3.20,3.00, -- , 6.60 ,Ganhas
07-out-21 22:02:05,Venezuela x Brasil Sim-Ambos os times marcam? | ID Aposta Betfair 1:246602278432 | Feita 07-out-21 21:59:47,A favor,1.89,4.00, -- , 3.56 ,Ganhas
07-out-21 22:02:05,Venezuela x Brasil Não-Ambos os times marcam? | ID Aposta Betfair 1:246602296997 | Feita 07-out-21 22:00:16,A favor,2.02,4.00, -- , -4.00 ,Perdidas
07-out-21 19:31:04,K Hance x O Tjandramulia K Hance-Resultado Final | ID Aposta Betfair 1:246593300179 | Feita 07-out-21 17:27:56,A favor,1.55,3.00, -- , -3.00 ,Perdidas
07-out-21 19:02:42,Veraguas (W) v Atletico Chiriqui (W) Atletico Chiriqui (W)-Resultado Final | ID Aposta Betfair 1:246593155319 | Feita 07-out-21 17:24:57,A favor,1.44,3.00, -- , 1.32 ,Ganhas
07-out-21 18:56:45,SD Panama Oeste (W) v CD Universitario (W) CD Universitario (W)-Resultado Final | ID Aposta Betfair 1:246593199597 | Feita 07-out-21 17:25:54,A favor,1.40,3.00, -- , 1.20 ,Ganhas
07-out-21 18:01:28,Jarry x Diaz Acosta Nicolas Jarry-Resultado Final | ID Aposta Betfair 1:246593260657 | Feita 07-out-21 17:27:01,A favor,1.52,3.00, -- , 1.56 ,Ganhas
07-out-21 17:40:32,Bélgica x França Empate -Resultado Final | ID Aposta Betfair 1:246593129700 | Feita 07-out-21 17:24:23,A favor,1.46,3.00, -- , -3.00 ,Perdidas
07-out-21 17:06:13,Tigre (Res) v CA Atlanta (Res) Tigre (Res)-Resultado Final | ID Aposta Betfair 1:246587050221 | Feita 07-out-21 15:56:00,A favor,1.24,3.00, -- , 0.72 ,Ganhas
07-out-21 16:57:25,Escócia Sub21 x Dinamarca Sub21 Dinamarca Sub21-Resultado Final | ID Aposta Betfair 1:246586725516 | Feita 07-out-21 15:52:04,A favor,1.28,3.00, -- , 0.84 ,Ganhas
07-out-21 16:55:57,Ferroviaria DE U20 x Gremio Desportivo Sao-Carlens Ferroviaria DE U20-Resultado Final | ID Aposta Betfair 1:246586886479 | Feita 07-out-21 15:54:06,A favor,1.35,3.00, -- , -3.00 ,Perdidas
07-out-21 16:53:33,Taubate U20 x UM das Cruzes U20 Taubate U20-Resultado Final | ID Aposta Betfair 1:246586995024 | Feita 07-out-21 15:55:23,A favor,1.32,3.00, -- , 0.96 ,Ganhas
07-out-21 16:52:38,Agua Santa U20 x AD Sao Caetano do Sul U20 Agua Santa U20-Resultado Final | ID Aposta Betfair 1:246586930948 | Feita 07-out-21 15:54:41,A favor,1.27,3.00, -- , -3.00 ,Perdidas
07-out-21 16:51:22,Corinthians Sub20 x Ibrachina FC U20 Corinthians Sub20-Resultado Final | ID Aposta Betfair 1:246586833926 | Feita 07-out-21 15:53:26,A favor,1.24,3.00, -- , 0.72 ,Ganhas
